{"cameraMode":{"drawMode":0,"name":"Shaded","section":"Shading Mode"},"sceneLighting":true,"audioPlay":false,"sceneViewState":{"m_AlwaysRefresh":false,"showFog":true,"showSkybox":true,"showFlares":true,"showImageEffects":true,"showParticleSystems":true,"showVisualEffectGraphs":true,"m_FxEnabled":true},"in2DMode":false,"pivot":{"x":1.042650818824768,"y":0.6659426093101502,"z":1.396272897720337},"rotation":{"x":-0.07035406678915024,"y":-0.10543996095657349,"z":0.0074788182973861698,"w":-0.9919047951698303},"size":2.641883134841919,"orthographic":false}